metric,control_value,test_value,absolute_difference,relative_difference,p_value,is_significant,method,conclusion
has_contact,0.286,0.306,0.020000000000000018,0.06993006993007,0.016408145281789688,True,two_proportion_z_test,статистически значимо выше в test
has_purchase,0.0195,0.018,-0.0015000000000000013,-0.076923076923077,0.5447104253465667,False,two_proportion_z_test,статистически значимого различия не найдено
is_payer,0.0375,0.036333333333333336,-0.001166666666666663,-0.031111111111111017,0.7346893709412678,False,two_proportion_z_test,статистически значимого различия не найдено
revenue,14.007,15.088333333333333,1.0813333333333333,0.07719949549035006,0.5278,False,bootstrap_mean_diff,статистически значимого различия не найдено
contacts,0.3431666666666667,0.38033333333333336,0.03716666666666668,0.10830500242836333,0.0018,True,bootstrap_mean_diff,статистически значимо выше в test
views,6.769833333333334,6.785666666666667,0.015833333333333144,0.002338806962259013,0.8138,False,bootstrap_mean_diff,статистически значимого различия не найдено
